work_od,rho_3_od,T_3_od,P_3_od,alpha_3_od,flow_coeff_2_od,incidence_2,v_2_od,C_w_3_od,C_a_3_od,U_mean_od,flow_coeff_3_od,M_2_rel_od,M_3_rel_od
211506.2932301654,1.5719843217744511,1018.8297375316537,459.6547153257562,25.712087905401166,0.5565109381388083,7.128453906885241,250.58199471470238,121.61096507516555,252.55255255255256,338.2657868315979,0.7466098032500201,0.38256072071521846,0.8402691187042479
211605.33493251394,1.5698282650057878,1018.3637367388213,458.8143230829907,28.355768139252273,0.5311467743207433,7.690282583945148,236.15554274499164,134.0337805193658,248.34834834834834,338.2657868315979,0.7341811026013871,0.35878183117099366,0.8548027070636796
211605.33493251394,1.5698282650057878,1018.3637367388213,458.8143230829907,28.355768139252273,0.5311467743207433,7.690282583945148,236.15554274499164,134.0337805193658,248.34834834834834,338.2657868315979,0.7341811026013871,0.35878183117099366,0.8548027070636796
211903.50202659657,1.5670622660708633,1017.7652804421346,457.736749642297,31.052472349239807,0.5205844612698096,8.244556700566221,225.81174350320757,146.82027082224693,243.84384384384384,338.2657868315979,0.7208646376207091,0.343066903669843,0.8699750575184791
211286.19600675654,1.5622883913505137,1016.7307379500043,455.87844253118885,22.72059950118107,0.5684872282466055,6.760632933135177,259.883021389369,111.53600555680993,266.3663663663664,338.2657868315979,0.7874469625240997,0.39505316027105364,0.8380797906439218
211464.44314156825,1.5597784749484978,1016.1859705291861,454.9021759689329,25.421770163049917,0.5770016278284797,7.178339945498131,253.6426378354057,124.89130542302979,262.7627627627628,338.2657868315979,0.7767937905395573,0.38747644464089903,0.8539356883488747
211464.44314156825,1.5597784749484978,1016.1859705291861,454.9021759689329,25.421770163049917,0.5601501263497081,7.24062587082706,249.28280771351643,124.89130542302979,262.7627627627628,338.2657868315979,0.7767937905395573,0.3789395723582832,0.8539356883488747
211464.44314156825,1.5597784749484978,1016.1859705291861,454.9021759689329,25.421770163049917,0.5601501263497081,7.24062587082706,249.28280771351643,124.89130542302979,262.7627627627628,338.2657868315979,0.7767937905395573,0.3789395723582832,0.8539356883488747
211464.44314156825,1.5597784749484978,1016.1859705291861,454.9021759689329,25.421770163049917,0.5439484906694214,7.297066703879288,245.14298485625537,124.89130542302979,262.7627627627628,338.2657868315979,0.7767937905395573,0.37082813794769653,0.8539356883488747
211464.44314156825,1.5597784749484978,1016.1859705291861,454.9021759689329,25.421770163049917,0.5439484906694214,7.297066703879288,245.14298485625537,124.89130542302979,262.7627627627628,338.2657868315979,0.7767937905395573,0.37082813794769653,0.8539356883488747
211856.31945969362,1.5565793605622151,1015.4907675969987,453.6585952990121,28.17846529264762,0.5504966813419491,7.758323227186647,238.71469035771054,138.6736629197494,258.85885885885887,338.2657868315979,0.7652528542229695,0.36287477467659335,0.8705215168899353
211856.31945969362,1.5565793605622151,1015.4907675969987,453.6585952990121,28.17846529264762,0.5345742593790539,7.83450006199984,234.53743681913087,138.6736629197494,258.85885885885887,338.2657868315979,0.7652528542229695,0.35478511051687767,0.8705215168899353
212092.77428686293,1.5539030896178645,1014.9084522190927,452.61891194018693,30.852517865887144,0.5239437878229507,8.415746372865165,223.99252577037885,151.76240418385117,254.05405405405406,338.2657868315979,0.7510486249102462,0.3388338087436463,0.8857117679558035
211191.46805331064,1.5500075243491163,1014.0596410184816,451.10662115689667,22.426635996224455,0.5881148596268804,6.803510553861159,262.93402229818855,114.14708717592106,276.5765765765766,338.2657868315979,0.8176309498136368,0.39992526439566334,0.8512252952323471
211191.46805331064,1.5500075243491163,1014.0596410184816,451.10662115689667,22.426635996224455,0.5708859740776687,6.853600203704907,258.55261224219976,114.14708717592106,276.5765765765766,338.2657868315979,0.8176309498136368,0.3913171455730149,0.8512252952323471
211191.46805331064,1.5500075243491163,1014.0596410184816,451.10662115689667,22.426635996224455,0.5543235312306084,6.897931524969046,254.39541558932714,114.14708717592106,276.5765765765766,338.2657868315979,0.8176309498136368,0.38314065673633124,0.8512252952323471
211621.51410792253,1.5465552462765766,1013.306228945848,449.76747650028835,25.226438989006738,0.5794899103436539,7.287001306517936,252.1443186040439,128.7466988114403,273.2732732732733,338.2657868315979,0.8078655421611395,0.38351401770755683,0.8689400003412793
211621.51410792253,1.5465552462765766,1013.306228945848,449.76747650028835,25.226438989006738,0.5794899103436539,7.287001306517936,252.1443186040439,128.7466988114403,273.2732732732733,338.2657868315979,0.8078655421611395,0.38351401770755683,0.8689400003412793
211621.51410792253,1.5465552462765766,1013.306228945848,449.76747650028835,25.226438989006738,0.5625136935744197,7.35601680812136,247.70634966901517,128.7466988114403,273.2732732732733,338.2657868315979,0.8078655421611395,0.37490142084501205,0.8689400003412793
211621.51410792253,1.5465552462765766,1013.306228945848,449.76747650028835,25.226438989006738,0.5625136935744197,7.35601680812136,247.70634966901517,128.7466988114403,273.2732732732733,338.2657868315979,0.8078655421611395,0.37490142084501205,0.8689400003412793
211621.51410792253,1.5465552462765766,1013.306228945848,449.76747650028835,25.226438989006738,0.5461941458476303,7.419195681568567,243.49147220550478,128.7466988114403,273.2732732732733,338.2657868315979,0.8078655421611395,0.3667184109996484,0.8689400003412793
211621.51410792253,1.5465552462765766,1013.306228945848,449.76747650028835,25.226438989006738,0.5461941458476303,7.419195681568567,243.49147220550478,128.7466988114403,273.2732732732733,338.2657868315979,0.8078655421611395,0.3667184109996484,0.8689400003412793
211934.28667969364,1.5435013887376139,1012.6388315215517,448.58371006728385,27.953598204884592,0.5695031697916021,7.807195590093354,241.4033996353385,142.78716642899616,269.0690690690691,338.2657868315979,0.7954368415125066,0.3671769730723046,0.8854500095794102
211934.28667969364,1.5435013887376139,1012.6388315215517,448.58371006728385,27.953598204884592,0.5528195156182019,7.897808855797017,236.9242082333874,142.78716642899616,269.0690690690691,338.2657868315979,0.7954368415125066,0.35858274290490283,0.8854500095794102
211934.28667969364,1.5435013887376139,1012.6388315215517,448.58371006728385,27.953598204884592,0.5367812136666453,7.98267061080109,232.66603966282102,142.78716642899616,269.0690690690691,338.2657868315979,0.7954368415125066,0.35041440912032873,0.8854500095794102
210047.56177583613,1.5406499492502916,1012.0148758389842,447.47911145823696,32.7153209360539,0.6158292643433393,5.224594487257264,280.0100009653326,165.89639271274996,258.25825825825825,308.7930031331669,0.8363475067046271,0.42803496791574225,0.8683774598757494
211285.66305718975,1.5367533481761315,1011.1609704168181,445.97073696109146,22.225168820672472,0.6073780776428297,6.833983926854586,266.0592085478844,117.30521024590837,287.08708708708707,338.2657868315979,0.848702701435219,0.40492421168277104,0.8656693977234053
211285.66305718975,1.5367533481761315,1011.1609704168181,445.97073696109146,22.225168820672472,0.5893512030822877,6.894727455620512,261.3790466536345,117.30521024590837,287.08708708708707,338.2657868315979,0.848702701435219,0.39580877562786926,0.8656693977234053
211285.66305718975,1.5367533481761315,1011.1609704168181,445.97073696109146,22.225168820672472,0.5720307063016858,6.949725042381857,256.938301975087,117.30521024590837,287.08708708708707,338.2657868315979,0.848702701435219,0.3871545626622209,0.8656693977234053
211623.73490027938,1.5334950649215822,1010.4458378441656,444.7104335372147,24.990096605176685,0.5984706252469891,7.318855895608149,255.09835671244255,132.13087035914504,283.4834834834835,338.2657868315979,0.8380495294506766,0.388242532769789,0.8832328663380261
211623.73490027938,1.5334950649215822,1010.4458378441656,444.7104335372147,24.990096605176685,0.5984706252469891,7.318855895608149,255.09835671244255,132.13087035914504,283.4834834834835,338.2657868315979,0.8380495294506766,0.388242532769789,0.8832328663380261
211623.73490027938,1.5334950649215822,1010.4458378441656,444.7104335372147,24.990096605176685,0.5807081223075253,7.4001388715642165,250.3568399684935,132.13087035914504,283.4834834834835,338.2657868315979,0.8380495294506766,0.3791177432416958,0.8832328663380261
211623.73490027938,1.5334950649215822,1010.4458378441656,444.7104335372147,24.990096605176685,0.5807081223075253,7.4001388715642165,250.3568399684935,132.13087035914504,283.4834834834835,338.2657868315979,0.8380495294506766,0.3791177432416958,0.8832328663380261
211623.73490027938,1.5334950649215822,1010.4458378441656,444.7104335372147,24.990096605176685,0.5636416378237523,7.4757171200217805,245.85330685000707,132.13087035914504,283.4834834834835,338.2657868315979,0.8380495294506766,0.37045169506025755,0.8832328663380261
211623.73490027938,1.5334950649215822,1010.4458378441656,444.7104335372147,24.990096605176685,0.5636416378237523,7.4757171200217805,245.85330685000707,132.13087035914504,283.4834834834835,338.2657868315979,0.8380495294506766,0.37045169506025755,0.8832328663380261
212031.56712329932,1.529992733114178,1009.6760106124088,443.3567272435326,27.75103348671465,0.5881567772305127,7.838957172585367,244.20518845075213,146.94236897217667,279.2792792792793,338.2657868315979,0.8256208288020438,0.3716638637014755,0.9006690556138873
212031.56712329932,1.529992733114178,1009.6760106124088,443.3567272435326,27.75103348671465,0.5707003874868876,7.943548738720189,239.4189701705152,146.94236897217667,279.2792792792793,338.2657868315979,0.8256208288020438,0.3625544230056563,0.9006690556138873
212031.56712329932,1.529992733114178,1009.6760106124088,443.3567272435326,27.75103348671465,0.5539280212433683,8.042673105372714,234.8682713522861,146.94236897217667,279.2792792792793,338.2657868315979,0.8256208288020438,0.35389944659727246,0.9006690556138873
209750.38579390346,1.5303823267462149,1009.7617029643039,443.5072602947769,29.80101852950377,0.6509956181284994,5.003585382513009,293.4503255705994,156.68352126545574,273.5735735735736,308.7930031331669,0.8859448588464132,0.44888280704557054,0.8685766978040117
209750.38579390346,1.5303823267462149,1009.7617029643039,443.5072602947769,29.80101852950377,0.6314811355409142,5.0052085144755125,289.35566945030916,156.68352126545574,273.5735735735736,308.7930031331669,0.8859448588464132,0.44037985750461106,0.8685766978040117
210200.17136363706,1.5267518103379745,1008.9625949183445,442.1049794178513,32.55587432381352,0.6362575208522977,5.348720477650531,280.86784797882854,171.2098468219922,268.16816816816817,308.7930031331669,0.8684399110316652,0.4296357407831641,0.8848790390918638
210200.17136363706,1.5267518103379745,1008.9625949183445,442.1049794178513,32.55587432381352,0.617184832855431,5.357968675971279,276.78003408846905,171.2098468219922,268.16816816816817,308.7930031331669,0.8684399110316652,0.42124058672689385,0.8848790390918638
210200.17136363706,1.5267518103379745,1008.9625949183445,442.1049794178513,32.55587432381352,0.617184832855431,5.357968675971279,276.78003408846905,171.2098468219922,268.16816816816817,308.7930031331669,0.8684399110316652,0.42124058672689385,0.8848790390918638
210537.60710910702,1.5236081224620772,1008.2696180051763,440.89163275220926,35.24886349116882,0.6014381564850367,5.741936638400489,264.23444031387805,185.05787841200964,261.8618618618618,308.7930031331669,0.848017471914459,0.40214703722340334,0.8999105180985113
210537.60710910702,1.5236081224620772,1008.2696180051763,440.89163275220926,35.24886349116882,0.6014381564850367,5.741936638400489,264.23444031387805,185.05787841200964,261.8618618618618,308.7930031331669,0.848017471914459,0.40214703722340334,0.8999105180985113
210537.60710910702,1.5236081224620772,1008.2696180051763,440.89163275220926,35.24886349116882,0.6014381564850367,5.741936638400489,264.23444031387805,185.05787841200964,261.8618618618618,308.7930031331669,0.848017471914459,0.40214703722340334,0.8999105180985113
211396.55102071643,1.5230815271106546,1008.1534450957051,440.68846806213315,22.04361846102146,0.6262675843846827,6.853505758295022,269.24442981386994,120.50085462103237,297.5975975975976,338.2657868315979,0.8797744530568014,0.4100288614855709,0.8804103323549985
211396.55102071643,1.5230815271106546,1008.1534450957051,440.68846806213315,22.04361846102146,0.6074308615874522,6.924649336267628,264.26026647858066,120.50085462103237,297.5975975975976,338.2657868315979,0.8797744530568014,0.4003953981709263,0.8804103323549985
211396.55102071643,1.5230815271106546,1008.1534450957051,440.68846806213315,22.04361846102146,0.5893420478700249,6.990113661812771,259.531154434099,120.50085462103237,297.5975975975976,338.2657868315979,0.8797744530568014,0.3912537306967553,0.8804103323549985
211396.55102071643,1.5230815271106546,1008.1534450957051,440.68846806213315,22.04361846102146,0.5893420478700249,6.990113661812771,259.531154434099,120.50085462103237,297.5975975975976,338.2657868315979,0.8797744530568014,0.3912537306967553,0.8804103323549985
211812.69968153117,1.5194164282867813,1007.3441400177517,439.2750925257593,24.8335457973756,0.6170831095076604,7.337880811403544,258.12989998138505,136.05323228318179,293.99399399399397,338.2657868315979,0.8691212810722588,0.3931026876876147,0.8988107723595863
211812.69968153117,1.5194164282867813,1007.3441400177517,439.2750925257593,24.8335457973756,0.6170831095076604,7.337880811403544,258.12989998138505,136.05323228318179,293.99399399399397,338.2657868315979,0.8691212810722588,0.3931026876876147,0.8988107723595863
211812.69968153117,1.5194164282867813,1007.3441400177517,439.2750925257593,24.8335457973756,0.5985226350930867,7.431064784346965,253.07981288455116,136.05323228318179,293.99399399399397,338.2657868315979,0.8691212810722588,0.3834552723314791,0.8988107723595863
211812.69968153117,1.5194164282867813,1007.3441400177517,439.2750925257593,24.8335457973756,0.5985226350930867,7.431064784346965,253.07981288455116,136.05323228318179,293.99399399399397,338.2657868315979,0.8691212810722588,0.3834552723314791,0.8988107723595863
211812.69968153117,1.5194164282867813,1007.3441400177517,439.2750925257593,24.8335457973756,0.5806991013602621,7.518740510941271,248.2829939698249,136.05323228318179,293.99399399399397,338.2657868315979,0.8691212810722588,0.3742966730567236,0.8988107723595863
211812.69968153117,1.5194164282867813,1007.3441400177517,439.2750925257593,24.8335457973756,0.5806991013602621,7.518740510941271,248.2829939698249,136.05323228318179,293.99399399399397,338.2657868315979,0.8691212810722588,0.3742966730567236,0.8988107723595863
212147.4468873063,1.5160615502442665,1006.6021943490412,437.98234349105314,27.568160656799396,0.5882078907558465,7.973638649333946,242.00618329705105,151.13667076429874,289.48948948948953,338.2657868315979,0.8558048160915809,0.3666770014738591,0.9161716656048543
212147.4468873063,1.5160615502442665,1006.6021943490412,437.98234349105314,27.568160656799396,0.5706915220036942,8.086568657767376,237.1586473756312,151.13667076429874,289.48948948948953,338.2657868315979,0.8558048160915809,0.3575262698423873,0.9161716656048543
209619.99797364778,1.519313556828044,1007.3214057930224,439.23543848856923,26.93119530369111,0.6851474298734895,4.771917275975909,307.598949022079,146.75952499161139,288.8888888888889,308.7930031331669,0.9355422109881992,0.4708534666487538,0.8688432234633694
209619.99797364778,1.519313556828044,1007.3214057930224,439.23543848856923,26.93119530369111,0.6643310468235901,4.773983287996309,303.2136608122927,146.75952499161139,288.8888888888889,308.7930031331669,0.9355422109881992,0.4617601642332355,0.8688432234633694
209619.99797364778,1.519313556828044,1007.3214057930224,439.23543848856923,26.93119530369111,0.6443494605390231,4.771575333597056,299.0737142141522,146.75952499161139,288.8888888888889,308.7930031331669,0.9355422109881992,0.4531431852428685,0.8688432234633694
209958.84136269536,1.516002125886978,1006.5890425365226,437.95945384503295,29.672854155986183,0.6715226805758565,5.1022644671031685,294.7351253812506,161.68926494205647,283.78378378378375,308.7930031331669,0.9190097602742704,0.45116232019035846,0.8852912856829959
209958.84136269536,1.516002125886978,1006.5890425365226,437.95945384503295,29.672854155986183,0.6511202493091388,5.112280623853394,290.3371793058715,161.68926494205647,283.78378378378375,308.7930031331669,0.9190097602742704,0.44215073700880675,0.8852912856829959
209958.84136269536,1.516002125886978,1006.5890425365226,437.95945384503295,29.672854155986183,0.6315360141519729,5.117451935587987,286.1824984512003,161.68926494205647,283.78378378378375,308.7930031331669,0.9190097602742704,0.4336109886811398,0.8852912856829959
209958.84136269536,1.516002125886978,1006.5890425365226,437.95945384503295,29.672854155986183,0.6127293679338551,5.117900025919468,282.25718004716475,161.68926494205647,283.78378378378375,308.7930031331669,0.9190097602742704,0.4255141350956414,0.8852912856829959
209958.84136269536,1.516002125886978,1006.5890425365226,437.95945384503295,29.672854155986183,0.6127293679338551,5.117900025919468,282.25718004716475,161.68926494205647,283.78378378378375,308.7930031331669,0.9190097602742704,0.4255141350956414,0.8852912856829959
210366.90941217652,1.5124225863499052,1005.7961833097072,436.5812042269115,32.41109531437159,0.6363793304679177,5.480197836197505,277.4850358517278,176.54926115199243,278.0780780780781,308.7930031331669,0.9005323153587032,0.42257837388955943,0.9016277725023226
210366.90941217652,1.5124225863499052,1005.7961833097072,436.5812042269115,32.41109531437159,0.6363793304679177,5.480197836197505,277.4850358517278,176.54926115199243,278.0780780780781,308.7930031331669,0.9005323153587032,0.42257837388955943,0.9016277725023226
210366.90941217652,1.5124225863499052,1005.7961833097072,436.5812042269115,32.41109531437159,0.6172384690521238,5.494160018941798,273.3311473062438,176.54926115199243,278.0780780780781,308.7930031331669,0.9005323153587032,0.4141391932149216,0.9016277725023226
210366.90941217652,1.5124225863499052,1005.7961833097072,436.5812042269115,32.41109531437159,0.6172384690521238,5.494160018941798,273.3311473062438,176.54926115199243,278.0780780780781,308.7930031331669,0.9005323153587032,0.4141391932149216,0.9016277725023226
210366.90941217652,1.5124225863499052,1005.7961833097072,436.5812042269115,32.41109531437159,0.5988575924915631,5.503014320415147,269.4039648064783,176.54926115199243,278.0780780780781,308.7930031331669,0.9005323153587032,0.406137392348389,0.9016277725023226
210366.90941217652,1.5124225863499052,1005.7961833097072,436.5812042269115,32.41109531437159,0.5988575924915631,5.503014320415147,269.4039648064783,176.54926115199243,278.0780780780781,308.7930031331669,0.9005323153587032,0.406137392348389,0.9016277725023226
210366.90941217652,1.5124225863499052,1005.7961833097072,436.5812042269115,32.41109531437159,0.5988575924915631,5.503014320415147,269.4039648064783,176.54926115199243,278.0780780780781,308.7930031331669,0.9005323153587032,0.406137392348389,0.9016277725023226
210675.03238037822,1.5093026312508846,1005.1040998824222,435.38079737584087,35.095268550328456,0.6201429312043055,5.881424096510344,264.66974929613656,190.7598564873449,271.47147147147143,308.7930031331669,0.8791373791406777,0.4030621396646472,0.9167561865324937
210675.03238037822,1.5093026312508846,1005.1040998824222,435.38079737584087,35.095268550328456,0.6201429312043055,5.881424096510344,264.66974929613656,190.7598564873449,271.47147147147143,308.7930031331669,0.8791373791406777,0.4030621396646472,0.9167561865324937
210675.03238037822,1.5093026312508846,1005.1040998824222,435.38079737584087,35.095268550328456,0.6201429312043055,5.881424096510344,264.66974929613656,190.7598564873449,271.47147147147143,308.7930031331669,0.8791373791406777,0.4030621396646472,0.9167561865324937
210675.03238037822,1.5093026312508846,1005.1040998824222,435.38079737584087,35.095268550328456,0.6014904242232286,5.905535057992502,260.5327426581903,190.7598564873449,271.47147147147143,308.7930031331669,0.8791373791406777,0.3947476199250893,0.9167561865324937
210675.03238037822,1.5093026312508846,1005.1040998824222,435.38079737584087,35.095268550328456,0.6014904242232286,5.905535057992502,260.5327426581903,190.7598564873449,271.47147147147143,308.7930031331669,0.8791373791406777,0.3947476199250893,0.9167561865324937
210675.03238037822,1.5093026312508846,1005.1040998824222,435.38079737584087,35.095268550328456,0.6014904242232286,5.905535057992502,260.5327426581903,190.7598564873449,271.47147147147143,308.7930031331669,0.8791373791406777,0.3947476199250893,0.9167561865324937
210675.03238037822,1.5093026312508846,1005.1040998824222,435.38079737584087,35.095268550328456,0.583578512062302,5.92417198971453,256.6189072956483,190.7598564873449,271.47147147147143,308.7930031331669,0.8791373791406777,0.38686340014043236,0.9167561865324937
210675.03238037822,1.5093026312508846,1005.1040998824222,435.38079737584087,35.095268550328456,0.583578512062302,5.92417198971453,256.6189072956483,190.7598564873449,271.47147147147143,308.7930031331669,0.8791373791406777,0.38686340014043236,0.9167561865324937
210675.03238037822,1.5093026312508846,1005.1040998824222,435.38079737584087,35.095268550328456,0.583578512062302,5.92417198971453,256.6189072956483,190.7598564873449,271.47147147147143,308.7930031331669,0.8791373791406777,0.38686340014043236,0.9167561865324937
210675.03238037822,1.5093026312508846,1005.1040998824222,435.38079737584087,35.095268550328456,0.583578512062302,5.92417198971453,256.6189072956483,190.7598564873449,271.47147147147143,308.7930031331669,0.8791373791406777,0.38686340014043236,0.9167561865324937
211035.18298858218,1.5059984356810567,1004.3701066493641,434.11040531466364,37.77261574214023,0.5843288872983216,6.356086705924419,247.79935345421265,204.78215197112996,264.2642642642643,308.7930031331669,0.8557974487210139,0.3754545551434217,0.9316507337375208
211035.18298858218,1.5059984356810567,1004.3701066493641,434.11040531466364,37.77261574214023,0.5843288872983216,6.356086705924419,247.79935345421265,204.78215197112996,264.2642642642643,308.7930031331669,0.8557974487210139,0.3754545551434217,0.9316507337375208
211035.18298858218,1.5059984356810567,1004.3701066493641,434.11040531466364,37.77261574214023,0.5843288872983216,6.356086705924419,247.79935345421265,204.78215197112996,264.2642642642643,308.7930031331669,0.8557974487210139,0.3754545551434217,0.9316507337375208
211035.18298858218,1.5059984356810567,1004.3701066493641,434.11040531466364,37.77261574214023,0.5843288872983216,6.356086705924419,247.79935345421265,204.78215197112996,264.2642642642643,308.7930031331669,0.8557974487210139,0.3754545551434217,0.9316507337375208
211035.18298858218,1.5059984356810567,1004.3701066493641,434.11040531466364,37.77261574214023,0.5669280322208763,6.386056881257957,243.91458420462556,204.78215197112996,264.2642642642643,308.7930031331669,0.8557974487210139,0.3677111183414404,0.9316507337375208
211035.18298858218,1.5059984356810567,1004.3701066493641,434.11040531466364,37.77261574214023,0.5669280322208763,6.386056881257957,243.91458420462556,204.78215197112996,264.2642642642643,308.7930031331669,0.8557974487210139,0.3677111183414404,0.9316507337375208
211035.18298858218,1.5059984356810567,1004.3701066493641,434.11040531466364,37.77261574214023,0.5669280322208763,6.386056881257957,243.91458420462556,204.78215197112996,264.2642642642643,308.7930031331669,0.8557974487210139,0.3677111183414404,0.9316507337375208
211035.18298858218,1.5059984356810567,1004.3701066493641,434.11040531466364,37.77261574214023,0.5669280322208763,6.386056881257957,243.91458420462556,204.78215197112996,264.2642642642643,308.7930031331669,0.8557974487210139,0.3677111183414404,0.9316507337375208
211523.54451987523,1.5090002667427242,1005.0369772572785,435.2645061622824,21.879707784184838,0.6447745628502242,6.863439311258517,272.47614023579524,123.73192771201258,308.1081081081081,338.2657868315979,0.9108462046783837,0.41521894528220243,0.8954410971475333
211523.54451987523,1.5090002667427242,1005.0369772572785,435.2645061622824,21.879707784184838,0.6251161960525716,6.944694677736564,267.1830368275718,123.73192771201258,308.1081081081081,338.2657868315979,0.9108462046783837,0.4050572367758641,0.8954410971475333
211523.54451987523,1.5090002667427242,1005.0369772572785,435.2645061622824,21.879707784184838,0.6062489193050441,7.020386455501242,262.161066591736,123.73192771201258,308.1081081081081,338.2657868315979,0.9108462046783837,0.39541891107399363,0.8954410971475333
211855.1474488228,1.5055341962226114,1004.2668946142383,433.9319896171192,24.6393200328557,0.6353186754284613,7.3456729929664455,261.22452790312235,139.52816242678597,304.2042042042042,338.2657868315979,0.8993052683617959,0.3980729206744929,0.9136950691760608
211855.1474488228,1.5055341962226114,1004.2668946142383,433.9319896171192,24.6393200328557,0.6159486067648303,7.450350391072071,255.86119379877834,139.52816242678597,304.2042042042042,338.2657868315979,0.8993052683617959,0.38789299421426476,0.9136950691760608
211855.1474488228,1.5055341962226114,1004.2668946142383,433.9319896171192,24.6393200328557,0.597358026486362,7.549772874724919,250.7668240536166,139.52816242678597,304.2042042042042,338.2657868315979,0.8993052683617959,0.3782329153214184,0.9136950691760608
212281.32617957177,1.5017162274466684,1003.4172588630713,432.4653704134671,27.402750256388227,0.6053335489021142,7.989922735105136,244.67085610711035,155.36782051086982,299.6996996996997,338.2657868315979,0.8859888033811179,0.37092811755968486,0.9319518756035058
212281.32617957177,1.5017162274466684,1003.4172588630713,432.4653704134671,27.402750256388227,0.5870633526348931,8.116142032953931,239.52258632792237,155.36782051086982,299.6996996996997,338.2657868315979,0.8859888033811179,0.3612731726137982,0.9319518756035058
209741.79545543133,1.5050450505149118,1004.1581223393897,433.74402183287754,26.785270022392424,0.7056996342600411,4.850027149230179,309.26483205639073,150.98932421488718,299.09909909909913,308.7930031331669,0.9686071124160567,0.47374404101325995,0.8848536406030443
209741.79545543133,1.5050450505149118,1004.1581223393897,433.74402183287754,26.785270022392424,0.6839628474853386,4.859439214814827,304.57252673090085,150.98932421488718,299.09909909909913,308.7930031331669,0.9686071124160567,0.4641297516975265,0.8848536406030443
209741.79545543133,1.5050450505149118,1004.1581223393897,433.74402183287754,26.785270022392424,0.663109679096689,4.86411555087448,300.14310803853914,150.98932421488718,299.09909909909913,308.7930031331669,0.9686071124160567,0.4550256611458068,0.8848536406030443
209741.79545543133,1.5050450505149118,1004.1581223393897,433.74402183287754,26.785270022392424,0.6430956818454816,4.864178115375651,295.9613603767642,150.98932421488718,299.09909909909913,308.7930031331669,0.9686071124160567,0.446400071382098,0.8848536406030443
209741.79545543133,1.5050450505149118,1004.1581223393897,433.74402183287754,26.785270022392424,0.6430956818454816,4.864178115375651,295.9613603767642,150.98932421488718,299.09909909909913,308.7930031331669,0.9686071124160567,0.446400071382098,0.8848536406030443
210028.1605150107,1.501857011276577,1003.4486138987868,432.5194285007812,29.50918118144771,0.6916661866004626,5.191082163927327,296.14067798434303,166.2260291679383,293.6936936936937,308.7930031331669,0.9511021646013086,0.45363994529817125,0.9012591671110176
210028.1605150107,1.501857011276577,1003.4486138987868,432.5194285007812,29.50918118144771,0.6916661866004626,5.191082163927327,296.14067798434303,166.2260291679383,293.6936936936937,308.7930031331669,0.9511021646013086,0.45363994529817125,0.9012591671110176
210028.1605150107,1.501857011276577,1003.4486138987868,432.5194285007812,29.50918118144771,0.6703616546331614,5.20979867935953,291.4316469434456,166.2260291679383,293.6936936936937,308.7930031331669,0.9511021646013086,0.4441047240356345,0.9012591671110176
210028.1605150107,1.501857011276577,1003.4486138987868,432.5194285007812,29.50918118144771,0.6703616546331614,5.20979867935953,291.4316469434456,166.2260291679383,293.6936936936937,308.7930031331669,0.9511021646013086,0.4441047240356345,0.9012591671110176
210028.1605150107,1.501857011276577,1003.4486138987868,432.5194285007812,29.50918118144771,0.6499231695359737,5.223430492168973,286.98316501425387,166.2260291679383,293.6936936936937,308.7930031331669,0.9511021646013086,0.43507480565424017,0.9012591671110176
210028.1605150107,1.501857011276577,1003.4486138987868,432.5194285007812,29.50918118144771,0.6499231695359737,5.223430492168973,286.98316501425387,166.2260291679383,293.6936936936937,308.7930031331669,0.9511021646013086,0.43507480565424017,0.9012591671110176
210028.1605150107,1.501857011276577,1003.4486138987868,432.5194285007812,29.50918118144771,0.6303071679322748,5.232067999599515,282.7803637028702,166.2260291679383,293.6936936936937,308.7930031331669,0.9511021646013086,0.42651910499978696,0.9012591671110176
210028.1605150107,1.501857011276577,1003.4486138987868,432.5194285007812,29.50918118144771,0.6303071679322748,5.232067999599515,282.7803637028702,166.2260291679383,293.6936936936937,308.7930031331669,0.9511021646013086,0.42651910499978696,0.9012591671110176
210028.1605150107,1.501857011276577,1003.4486138987868,432.5194285007812,29.50918118144771,0.6303071679322748,5.232067999599515,282.7803637028702,166.2260291679383,293.6936936936937,308.7930031331669,0.9511021646013086,0.42651910499978696,0.9012591671110176
210547.64534753215,1.497670834282792,1002.515440204024,430.9127449492696,32.279408287163065,0.6551851234844238,5.591291223223735,278.32399393733164,181.9136170444403,287.987987987988,308.7930031331669,0.9326247196857412,0.4241303297579782,0.9186206642544265
210547.64534753215,1.497670834282792,1002.515440204024,430.9127449492696,32.279408287163065,0.6551851234844238,5.591291223223735,278.32399393733164,181.9136170444403,287.987987987988,308.7930031331669,0.9326247196857412,0.4241303297579782,0.9186206642544265
210547.64534753215,1.497670834282792,1002.515440204024,430.9127449492696,32.279408287163065,0.6352093517652563,5.6153189862425705,273.8728974750659,181.9136170444403,287.987987987988,308.7930031331669,0.9326247196857412,0.4151992596395323,0.9186206642544265
210547.64534753215,1.497670834282792,1002.515440204024,430.9127449492696,32.279408287163065,0.6352093517652563,5.6153189862425705,273.8728974750659,181.9136170444403,287.987987987988,308.7930031331669,0.9326247196857412,0.4151992596395323,0.9186206642544265
210547.64534753215,1.497670834282792,1002.515440204024,430.9127449492696,32.279408287163065,0.6160374430736364,5.633996981295347,269.6645288050573,181.9136170444403,287.987987987988,308.7930031331669,0.9326247196857412,0.40673642246593833,0.9186206642544265
210547.64534753215,1.497670834282792,1002.515440204024,430.9127449492696,32.279408287163065,0.6160374430736364,5.633996981295347,269.6645288050573,181.9136170444403,287.987987987988,308.7930031331669,0.9326247196857412,0.40673642246593833,0.9186206642544265
210547.64534753215,1.497670834282792,1002.515440204024,430.9127449492696,32.279408287163065,0.6160374430736364,5.633996981295347,269.6645288050573,181.9136170444403,287.987987987988,308.7930031331669,0.9326247196857412,0.40673642246593833,0.9186206642544265
210828.8374760704,1.494576614128124,1001.8245649456626,429.7261235071115,34.955858688695,0.6190028030018674,6.0438482128465125,260.82567930921147,196.49254627860398,281.0810810810811,308.7930031331669,0.9102572863668965,0.3954192983043242,0.9338467386042486
210828.8374760704,1.494576614128124,1001.8245649456626,429.7261235071115,34.955858688695,0.6190028030018674,6.0438482128465125,260.82567930921147,196.49254627860398,281.0810810810811,308.7930031331669,0.9102572863668965,0.3954192983043242,0.9338467386042486
210828.8374760704,1.494576614128124,1001.8245649456626,429.7261235071115,34.955858688695,0.6190028030018674,6.0438482128465125,260.82567930921147,196.49254627860398,281.0810810810811,308.7930031331669,0.9102572863668965,0.3954192983043242,0.9338467386042486
210828.8374760704,1.494576614128124,1001.8245649456626,429.7261235071115,34.955858688695,0.6003200408762333,6.074225567102886,256.6278639533752,196.49254627860398,281.0810810810811,308.7930031331669,0.9102572863668965,0.38707315252770397,0.9338467386042486
210828.8374760704,1.494576614128124,1001.8245649456626,429.7261235071115,34.955858688695,0.6003200408762333,6.074225567102886,256.6278639533752,196.49254627860398,281.0810810810811,308.7930031331669,0.9102572863668965,0.38707315252770397,0.9338467386042486
210828.8374760704,1.494576614128124,1001.8245649456626,429.7261235071115,34.955858688695,0.6003200408762333,6.074225567102886,256.6278639533752,196.49254627860398,281.0810810810811,308.7930031331669,0.9102572863668965,0.38707315252770397,0.9338467386042486
210828.8374760704,1.494576614128124,1001.8245649456626,429.7261235071115,34.955858688695,0.6003200408762333,6.074225567102886,256.6278639533752,196.49254627860398,281.0810810810811,308.7930031331669,0.9102572863668965,0.38707315252770397,0.9338467386042486
211347.5123734755,1.4904650519671565,1000.9050613500123,428.1506220981407,37.67349156148362,0.6013416083551592,6.5137973884137,247.8537242676529,211.4714551652043,273.8738738738739,308.7930031331669,0.8869173559472325,0.3757534380494855,0.9500187348239789
211347.5123734755,1.4904650519671565,1000.9050613500123,428.1506220981407,37.67349156148362,0.6013416083551592,6.5137973884137,247.8537242676529,211.4714551652043,273.8738738738739,308.7930031331669,0.8869173559472325,0.3757534380494855,0.9500187348239789
211347.5123734755,1.4904650519671565,1000.9050613500123,428.1506220981407,37.67349156148362,0.6013416083551592,6.5137973884137,247.8537242676529,211.4714551652043,273.8738738738739,308.7930031331669,0.8869173559472325,0.3757534380494855,0.9500187348239789
211347.5123734755,1.4904650519671565,1000.9050613500123,428.1506220981407,37.67349156148362,0.6013416083551592,6.5137973884137,247.8537242676529,211.4714551652043,273.8738738738739,308.7930031331669,0.8869173559472325,0.3757534380494855,0.9500187348239789
211347.5123734755,1.4904650519671565,1000.9050613500123,428.1506220981407,37.67349156148362,0.5831918969634455,6.557751839491992,243.68314987724185,211.4714551652043,273.8738738738739,308.7930031331669,0.8869173559472325,0.3675485724262657,0.9500187348239789
211347.5123734755,1.4904650519671565,1000.9050613500123,428.1506220981407,37.67349156148362,0.5831918969634455,6.557751839491992,243.68314987724185,211.4714551652043,273.8738738738739,308.7930031331669,0.8869173559472325,0.3675485724262657,0.9500187348239789
211347.5123734755,1.4904650519671565,1000.9050613500123,428.1506220981407,37.67349156148362,0.5831918969634455,6.557751839491992,243.68314987724185,211.4714551652043,273.8738738738739,308.7930031331669,0.8869173559472325,0.3675485724262657,0.9500187348239789
211347.5123734755,1.4904650519671565,1000.9050613500123,428.1506220981407,37.67349156148362,0.5831918969634455,6.557751839491992,243.68314987724185,211.4714551652043,273.8738738738739,308.7930031331669,0.8869173559472325,0.3675485724262657,0.9500187348239789
211517.81008985976,1.4951076533756515,1001.9432027461258,429.92971684327864,21.68194921410838,0.6628906830579733,6.8650499318787865,275.74142466331057,126.55809226553913,318.31831831831835,338.2657868315979,0.9410301919679208,0.4204751050642026,0.9098373944486623
211517.81008985976,1.4951076533756515,1001.9432027461258,429.92971684327864,21.68194921410838,0.6423989830987463,6.956106369012062,270.1347299014506,126.55809226553913,318.31831831831835,338.2657868315979,0.9410301919679208,0.4097753908784026,0.9098373944486623
211517.81008985976,1.4951076533756515,1001.9432027461258,429.92971684327864,21.68194921410838,0.6227432557826083,7.041758519781993,264.8157167002521,126.55809226553913,318.31831831831835,338.2657868315979,0.9410301919679208,0.3996316973230491,0.9098373944486623
212074.12700169822,1.4906334155409788,1000.9427471096844,428.2151085890177,24.513039754136557,0.6531691151905578,7.343721066482821,264.3684610609387,143.51026784937773,314.7147147147147,338.2657868315979,0.9303770199833782,0.4031325963300228,0.9298230213312441
212074.12700169822,1.4906334155409788,1000.9427471096844,428.2151085890177,24.513039754136557,0.6329779345431324,7.459458812927153,258.6875195692657,143.51026784937773,314.7147147147147,338.2657868315979,0.9303770199833782,0.3924107777090792,0.9298230213312441
212074.12700169822,1.4906334155409788,1000.9427471096844,428.2151085890177,24.513039754136557,0.6136104666519206,7.570244231371348,253.29167084444032,143.51026784937773,314.7147147147147,338.2657868315979,0.9303770199833782,0.38224083373393825,0.9298230213312441
209878.11991559327,1.4903725722078163,1000.8843598810441,428.1152016026053,26.653109630295916,0.7258516159318471,4.920031549247234,311.02117985876566,155.24933780123047,309.3093093093093,308.7930031331669,1.001672013843914,0.4767877628720538,0.901122297152896
209878.11991559327,1.4903725722078163,1000.8843598810441,428.1152016026053,26.653109630295916,0.7031800341992585,4.937000380243973,306.01451777356124,155.24933780123047,309.3093093093093,308.7930031331669,1.001672013843914,0.46663821610815864,0.901122297152896
209878.11991559327,1.4903725722078163,1000.8843598810441,428.1152016026053,26.653109630295916,0.6814428840983419,4.949008576389112,301.2888483919252,155.24933780123047,309.3093093093093,308.7930031331669,1.001672013843914,0.45703399804292233,0.901122297152896
209878.11991559327,1.4903725722078163,1000.8843598810441,428.1152016026053,26.653109630295916,0.6814428840983419,4.949008576389112,301.2888483919252,155.24933780123047,309.3093093093093,308.7930031331669,1.001672013843914,0.45703399804292233,0.901122297152896
209878.11991559327,1.4903725722078163,1000.8843598810441,428.1152016026053,26.653109630295916,0.6605925156143357,4.956150797769389,296.8279057333927,155.24933780123047,309.3093093093093,308.7930031331669,1.001672013843914,0.4479410861982604,0.901122297152896
209878.11991559327,1.4903725722078163,1000.8843598810441,428.1152016026053,26.653109630295916,0.6605925156143357,4.956150797769389,296.8279057333927,155.24933780123047,309.3093093093093,308.7930031331669,1.001672013843914,0.4479410861982604,0.901122297152896
210261.9507180831,1.486642734757414,1000.0487260633114,426.6872546525582,29.405072156915015,0.7114174286852,5.270470876943598,297.655417865266,171.2764962001603,303.90390390390394,308.7930031331669,0.984167066029166,0.45629838088573754,0.9184653133280988
210261.9507180831,1.486642734757414,1000.0487260633114,426.6872546525582,29.405072156915015,0.7114174286852,5.270470876943598,297.655417865266,171.2764962001603,303.90390390390394,308.7930031331669,0.984167066029166,0.45629838088573754,0.9184653133280988
210261.9507180831,1.486642734757414,1000.0487260633114,426.6872546525582,29.405072156915015,0.6891966909663504,5.298127902211725,292.6279263453242,171.2764962001603,303.90390390390394,308.7930031331669,0.984167066029166,0.4462251481619392,0.9184653133280988
210261.9507180831,1.486642734757414,1000.0487260633114,426.6872546525582,29.405072156915015,0.6891966909663504,5.298127902211725,292.6279263453242,171.2764962001603,303.90390390390394,308.7930031331669,0.984167066029166,0.4462251481619392,0.9184653133280988
210261.9507180831,1.486642734757414,1000.0487260633114,426.6872546525582,29.405072156915015,0.6678918028978912,5.3205103623145575,287.878785141799,171.2764962001603,303.90390390390394,308.7930031331669,0.984167066029166,0.4366918750140572,0.9184653133280988
210261.9507180831,1.486642734757414,1000.0487260633114,426.6872546525582,29.405072156915015,0.6678918028978912,5.3205103623145575,287.878785141799,171.2764962001603,303.90390390390394,308.7930031331669,0.984167066029166,0.4366918750140572,0.9184653133280988
210261.9507180831,1.486642734757414,1000.0487260633114,426.6872546525582,29.405072156915015,0.6678918028978912,5.3205103623145575,287.878785141799,171.2764962001603,303.90390390390394,308.7930031331669,0.984167066029166,0.4366918750140572,0.9184653133280988
210261.9507180831,1.486642734757414,1000.0487260633114,426.6872546525582,29.405072156915015,0.6474560620268214,5.337673715822376,283.39211843653464,171.2764962001603,303.90390390390394,308.7930031331669,0.984167066029166,0.42766522587841205,0.9184653133280988
210261.9507180831,1.486642734757414,1000.0487260633114,426.6872546525582,29.405072156915015,0.6474560620268214,5.337673715822376,283.39211843653464,171.2764962001603,303.90390390390394,308.7930031331669,0.984167066029166,0.42766522587841205,0.9184653133280988
210261.9507180831,1.486642734757414,1000.0487260633114,426.6872546525582,29.405072156915015,0.6474560620268214,5.337673715822376,283.39211843653464,171.2764962001603,303.90390390390394,308.7930031331669,0.984167066029166,0.42766522587841205,0.9184653133280988
210742.28287819488,1.4825054089136627,999.1201617353584,425.1046996071529,32.15945159404318,0.6735937474271922,5.691580625931344,279.2856089911744,187.30202103455963,297.8978978978979,308.7930031331669,0.9647171240127792,0.425879593270663,0.9358553794084912
210742.28287819488,1.4825054089136627,999.1201617353584,425.1046996071529,32.15945159404318,0.6735937474271922,5.691580625931344,279.2856089911744,187.30202103455963,297.8978978978979,308.7930031331669,0.9647171240127792,0.425879593270663,0.9358553794084912
210742.28287819488,1.4825054089136627,999.1201617353584,425.1046996071529,32.15945159404318,0.6735937474271922,5.691580625931344,279.2856089911744,187.30202103455963,297.8978978978979,308.7930031331669,0.9647171240127792,0.425879593270663,0.9358553794084912
210742.28287819488,1.4825054089136627,999.1201617353584,425.1046996071529,32.15945159404318,0.6527711875097492,5.726006623129784,274.5304337919395,187.30202103455963,297.8978978978979,308.7930031331669,0.9647171240127792,0.41644336459865666,0.9358553794084912
210742.28287819488,1.4825054089136627,999.1201617353584,425.1046996071529,32.15945159404318,0.6527711875097492,5.726006623129784,274.5304337919395,187.30202103455963,297.8978978978979,308.7930031331669,0.9647171240127792,0.41644336459865666,0.9358553794084912
210742.28287819488,1.4825054089136627,999.1201617353584,425.1046996071529,32.15945159404318,0.6527711875097492,5.726006623129784,274.5304337919395,187.30202103455963,297.8978978978979,308.7930031331669,0.9647171240127792,0.41644336459865666,0.9358553794084912
210742.28287819488,1.4825054089136627,999.1201617353584,425.1046996071529,32.15945159404318,0.6527711875097492,5.726006623129784,274.5304337919395,187.30202103455963,297.8978978978979,308.7930031331669,0.9647171240127792,0.41644336459865666,0.9358553794084912
210742.28287819488,1.4825054089136627,999.1201617353584,425.1046996071529,32.15945159404318,0.6327980978892899,5.754904028436165,270.0344367272972,187.30202103455963,297.8978978978979,308.7930031331669,0.9647171240127792,0.4075072341992176,0.9358553794084912
210742.28287819488,1.4825054089136627,999.1201617353584,425.1046996071529,32.15945159404318,0.6327980978892899,5.754904028436165,270.0344367272972,187.30202103455963,297.8978978978979,308.7930031331669,0.9647171240127792,0.4075072341992176,0.9358553794084912
210742.28287819488,1.4825054089136627,999.1201617353584,425.1046996071529,32.15945159404318,0.6327980978892899,5.754904028436165,270.0344367272972,187.30202103455963,297.8978978978979,308.7930031331669,0.9647171240127792,0.4075072341992176,0.9358553794084912
210742.28287819488,1.4825054089136627,999.1201617353584,425.1046996071529,32.15945159404318,0.6327980978892899,5.754904028436165,270.0344367272972,187.30202103455963,297.8978978978979,308.7930031331669,0.9647171240127792,0.4075072341992176,0.9358553794084912
211161.78592635188,1.478686826339514,998.261600490252,423.64537175314837,34.87141922476465,0.6361165711186141,6.169692605310679,261.2577085341405,202.78240662459382,290.990990990991,308.7930031331669,0.9423496906939346,0.3963095736473028,0.9522427614680136
211161.78592635188,1.478686826339514,998.261600490252,423.64537175314837,34.87141922476465,0.6361165711186141,6.169692605310679,261.2577085341405,202.78240662459382,290.990990990991,308.7930031331669,0.9423496906939346,0.3963095736473028,0.9522427614680136
211161.78592635188,1.478686826339514,998.261600490252,423.64537175314837,34.87141922476465,0.6361165711186141,6.169692605310679,261.2577085341405,202.78240662459382,290.990990990991,308.7930031331669,0.9423496906939346,0.3963095736473028,0.9522427614680136
211161.78592635188,1.478686826339514,998.261600490252,423.64537175314837,34.87141922476465,0.6361165711186141,6.169692605310679,261.2577085341405,202.78240662459382,290.990990990991,308.7930031331669,0.9423496906939346,0.3963095736473028,0.9522427614680136
211161.78592635188,1.478686826339514,998.261600490252,423.64537175314837,34.87141922476465,0.6166530691640004,6.212265491673051,256.7694842855601,202.78240662459382,290.990990990991,308.7930031331669,0.9423496906939346,0.38748917966206453,0.9522427614680136
211161.78592635188,1.478686826339514,998.261600490252,423.64537175314837,34.87141922476465,0.6166530691640004,6.212265491673051,256.7694842855601,202.78240662459382,290.990990990991,308.7930031331669,0.9423496906939346,0.38748917966206453,0.9522427614680136
211161.78592635188,1.478686826339514,998.261600490252,423.64537175314837,34.87141922476465,0.6166530691640004,6.212265491673051,256.7694842855601,202.78240662459382,290.990990990991,308.7930031331669,0.9423496906939346,0.38748917966206453,0.9522427614680136
211161.78592635188,1.478686826339514,998.261600490252,423.64537175314837,34.87141922476465,0.6166530691640004,6.212265491673051,256.7694842855601,202.78240662459382,290.990990990991,308.7930031331669,0.9423496906939346,0.38748917966206453,0.9522427614680136
211670.15603758933,1.4745019603260245,997.31898563878,422.04750542629137,37.58192580602513,0.6179670917850147,6.656476331201581,248.0732514797877,218.16924523275662,283.4834834834835,308.7930031331669,0.9180372631734512,0.3763096793540444,0.968604078592953
211670.15603758933,1.4745019603260245,997.31898563878,422.04750542629137,37.58192580602513,0.6179670917850147,6.656476331201581,248.0732514797877,218.16924523275662,283.4834834834835,308.7930031331669,0.9180372631734512,0.3763096793540444,0.968604078592953
211670.15603758933,1.4745019603260245,997.31898563878,422.04750542629137,37.58192580602513,0.6179670917850147,6.656476331201581,248.0732514797877,218.16924523275662,283.4834834834835,308.7930031331669,0.9180372631734512,0.3763096793540444,0.968604078592953
211670.15603758933,1.4745019603260245,997.31898563878,422.04750542629137,37.58192580602513,0.5990589163892794,6.714923428863685,243.6105432969207,218.16924523275662,283.4834834834835,308.7930031331669,0.9180372631734512,0.3676311063279345,0.968604078592953
211670.15603758933,1.4745019603260245,997.31898563878,422.04750542629137,37.58192580602513,0.5990589163892794,6.714923428863685,243.6105432969207,218.16924523275662,283.4834834834835,308.7930031331669,0.9180372631734512,0.3676311063279345,0.968604078592953
211670.15603758933,1.4745019603260245,997.31898563878,422.04750542629137,37.58192580602513,0.5990589163892794,6.714923428863685,243.6105432969207,218.16924523275662,283.4834834834835,308.7930031331669,0.9180372631734512,0.3676311063279345,0.968604078592953
209411.59665649853,1.4792647870993167,998.3916427007057,423.8661674242608,37.09113817632362,0.6674807470013152,4.162640989360547,301.14175637058946,213.6468309620754,282.5825825825826,285.88676896981434,0.9884423249136771,0.45681086978925445,0.9285233066978119
209754.39171610732,1.4759056845317182,997.6353642810417,422.58330740165883,39.76784977893569,0.6669249090887676,4.461784681085618,290.85038408949106,228.17278940889872,274.17417417417414,285.88676896981434,0.9590306510586474,0.4435145932727341,0.9429281330438732
209754.39171610732,1.4759056845317182,997.6353642810417,422.58330740165883,39.76784977893569,0.6463085005591781,4.450790942111425,287.0211515174966,228.17278940889872,274.17417417417414,285.88676896981434,0.9590306510586474,0.4353909051100497,0.9429281330438732
211679.30870078015,1.4802414421466215,998.6113148831616,424.2393397784499,21.55076164705826,0.6806081071361111,6.859501067491397,279.02801440853915,129.86577054528874,328.8288288288288,338.2657868315979,0.972101943589503,0.4257789162611837,0.9254410678034654
211679.30870078015,1.4802414421466215,998.6113148831616,424.2393397784499,21.55076164705826,0.659271534203077,6.960035467740671,273.1033441065188,129.86577054528874,328.8288288288288,338.2657868315979,0.972101943589503,0.4145318638291095,0.9254410678034654
211679.30870078015,1.4802414421466215,998.6113148831616,424.2393397784499,21.55076164705826,0.6388175684236166,7.055363358328588,267.48338968001406,129.86577054528874,328.8288288288288,338.2657868315979,0.972101943589503,0.4038745587365129,0.9254410678034654
212153.98348737106,1.4759630693989838,997.6482937112252,422.6052148390368,24.352235395762893,0.649603042660483,7.45975006197224,261.5459686733749,147.06599471515773,324.92492492492494,338.2657868315979,0.9605610072729154,0.3969894188804848,0.9452726396138813
212153.98348737106,1.4759630693989838,997.6482937112252,422.6052148390368,24.352235395762893,0.6294490428053671,7.581494888666668,255.84502480083788,147.06599471515773,324.92492492492494,338.2657868315979,0.9605610072729154,0.3863017311840624,0.9452726396138813
209530.25547953218,1.4797189436541893,998.4938049783949,424.0396869258423,23.72109352997046,0.7116044797782746,4.675615023514965,316.2024324791259,142.3789016142626,324.024024024024,308.7930031331669,1.0493243717840612,0.47995012331942183,0.8986253472363486
210028.67642104873,1.4753048873016024,997.4999780515376,422.35396210566756,26.533252144248227,0.7455949659098382,4.982393497341192,312.8568756458299,159.5381554352589,319.5195195195195,308.7930031331669,1.0347369152717714,0.479967940619938,0.9176452467785128
210028.67642104873,1.4753048873016024,997.4999780515376,422.35396210566756,26.533252144248227,0.7219742927212145,5.007081655793513,307.52887875885745,159.5381554352589,319.5195195195195,308.7930031331669,1.0347369152717714,0.4692694136627025,0.9176452467785128
210028.67642104873,1.4753048873016024,997.4999780515376,422.35396210566756,26.533252144248227,0.6993409197259363,5.026622714044855,302.50054841102894,159.5381554352589,319.5195195195195,308.7930031331669,1.0347369152717714,0.4591526206037345,0.9176452467785128
210028.67642104873,1.4753048873016024,997.4999780515376,422.35396210566756,26.533252144248227,0.6993409197259363,5.026622714044855,302.50054841102894,159.5381554352589,319.5195195195195,308.7930031331669,1.0347369152717714,0.4591526206037345,0.9176452467785128
210028.67642104873,1.4753048873016024,997.4999780515376,422.35396210566756,26.533252144248227,0.6776437972230793,5.041080929763744,297.7545200660805,159.5381554352589,319.5195195195195,308.7930031331669,1.0347369152717714,0.44958109566111776,0.9176452467785128
210028.67642104873,1.4753048873016024,997.4999780515376,422.35396210566756,26.533252144248227,0.6776437972230793,5.041080929763744,297.7545200660805,159.5381554352589,319.5195195195195,308.7930031331669,1.0347369152717714,0.44958109566111776,0.9176452467785128
210363.4212448172,1.471699064481438,996.6866531671283,420.97814791854586,29.2687380779896,0.7076172094005069,5.377690077448122,293.9149674605202,175.87902259195727,313.8138138138138,308.7930031331669,1.0162594703562038,0.44849545513753825,0.9349419307658858
210363.4212448172,1.471699064481438,996.6866531671283,420.97814791854586,29.2687380779896,0.7076172094005069,5.377690077448122,293.9149674605202,175.87902259195727,313.8138138138138,308.7930031331669,1.0162594703562038,0.44849545513753825,0.9349419307658858
210363.4212448172,1.471699064481438,996.6866531671283,420.97814791854586,29.2687380779896,0.6854339206051758,5.409052392632979,288.85872426683187,175.87902259195727,313.8138138138138,308.7930031331669,1.0162594703562038,0.43844628027303045,0.9349419307658858
210363.4212448172,1.471699064481438,996.6866531671283,420.97814791854586,29.2687380779896,0.6854339206051758,5.409052392632979,288.85872426683187,175.87902259195727,313.8138138138138,308.7930031331669,1.0162594703562038,0.43844628027303045,0.9349419307658858
210363.4212448172,1.471699064481438,996.6866531671283,420.97814791854586,29.2687380779896,0.6854339206051758,5.409052392632979,288.85872426683187,175.87902259195727,313.8138138138138,308.7930031331669,1.0162594703562038,0.43844628027303045,0.9349419307658858
210363.4212448172,1.471699064481438,996.6866531671283,420.97814791854586,29.2687380779896,0.6641682641513649,5.435019552836501,284.0822262210084,175.87902259195727,313.8138138138138,308.7930031331669,1.0162594703562038,0.42893722820377705,0.9349419307658858
210363.4212448172,1.471699064481438,996.6866531671283,420.97814791854586,29.2687380779896,0.6641682641513649,5.435019552836501,284.0822262210084,175.87902259195727,313.8138138138138,308.7930031331669,1.0162594703562038,0.42893722820377705,0.9349419307658858
210363.4212448172,1.471699064481438,996.6866531671283,420.97814791854586,29.2687380779896,0.6641682641513649,5.435019552836501,284.0822262210084,175.87902259195727,313.8138138138138,308.7930031331669,1.0162594703562038,0.42893722820377705,0.9349419307658858
210950.75355144055,1.4669354626016264,995.610141706474,419.16230142918135,32.05004264744629,0.6915972378737548,5.781482861099981,280.3585854672324,192.7136842429387,307.8078078078078,308.7930031331669,0.9968095283398173,0.427809282654966,0.9533301948363065
210950.75355144055,1.4669354626016264,995.610141706474,419.16230142918135,32.05004264744629,0.6915972378737548,5.781482861099981,280.3585854672324,192.7136842429387,307.8078078078078,308.7930031331669,0.9968095283398173,0.427809282654966,0.9533301948363065
210950.75355144055,1.4669354626016264,995.610141706474,419.16230142918135,32.05004264744629,0.6915972378737548,5.781482861099981,280.3585854672324,192.7136842429387,307.8078078078078,308.7930031331669,0.9968095283398173,0.427809282654966,0.9533301948363065
210950.75355144055,1.4669354626016264,995.610141706474,419.16230142918135,32.05004264744629,0.6915972378737548,5.781482861099981,280.3585854672324,192.7136842429387,307.8078078078078,308.7930031331669,0.9968095283398173,0.427809282654966,0.9533301948363065
210950.75355144055,1.4669354626016264,995.610141706474,419.16230142918135,32.05004264744629,0.6699161636234489,5.8265585732799465,275.2929362636466,192.7136842429387,307.8078078078078,308.7930031331669,0.9968095283398173,0.4178553519426998,0.9533301948363065
210950.75355144055,1.4669354626016264,995.610141706474,419.16230142918135,32.05004264744629,0.6699161636234489,5.8265585732799465,275.2929362636466,192.7136842429387,307.8078078078078,308.7930031331669,0.9968095283398173,0.4178553519426998,0.9533301948363065
210950.75355144055,1.4669354626016264,995.610141706474,419.16230142918135,32.05004264744629,0.6699161636234489,5.8265585732799465,275.2929362636466,192.7136842429387,307.8078078078078,308.7930031331669,0.9968095283398173,0.4178553519426998,0.9533301948363065
210950.75355144055,1.4669354626016264,995.610141706474,419.16230142918135,32.05004264744629,0.6699161636234489,5.8265585732799465,275.2929362636466,192.7136842429387,307.8078078078078,308.7930031331669,0.9968095283398173,0.4178553519426998,0.9533301948363065
210950.75355144055,1.4669354626016264,995.610141706474,419.16230142918135,32.05004264744629,0.6491319471436264,5.865992653978495,270.5033431027195,192.7136842429387,307.8078078078078,308.7930031331669,0.9968095283398173,0.40843440208775456,0.9533301948363065
210950.75355144055,1.4669354626016264,995.610141706474,419.16230142918135,32.05004264744629,0.6491319471436264,5.865992653978495,270.5033431027195,192.7136842429387,307.8078078078078,308.7930031331669,0.9968095283398173,0.40843440208775456,0.9533301948363065
210950.75355144055,1.4669354626016264,995.610141706474,419.16230142918135,32.05004264744629,0.6491319471436264,5.865992653978495,270.5033431027195,192.7136842429387,307.8078078078078,308.7930031331669,0.9968095283398173,0.40843440208775456,0.9533301948363065
210950.75355144055,1.4669354626016264,995.610141706474,419.16230142918135,32.05004264744629,0.6491319471436264,5.865992653978495,270.5033431027195,192.7136842429387,307.8078078078078,308.7930031331669,0.9968095283398173,0.40843440208775456,0.9533301948363065
211503.78512652183,1.4623760396906573,994.5775869812816,417.42612621784093,34.79311902726999,0.6528241152413304,6.283352565928887,261.817903266272,209.0779857565198,300.90090090090087,308.7930031331669,0.9744420950209725,0.3974021767469329,0.9708581439714538
211503.78512652183,1.4623760396906573,994.5775869812816,417.42612621784093,34.79311902726999,0.6528241152413304,6.283352565928887,261.817903266272,209.0779857565198,300.90090090090087,308.7930031331669,0.9744420950209725,0.3974021767469329,0.9708581439714538
211503.78512652183,1.4623760396906573,994.5775869812816,417.42612621784093,34.79311902726999,0.6528241152413304,6.283352565928887,261.817903266272,209.0779857565198,300.90090090090087,308.7930031331669,0.9744420950209725,0.3974021767469329,0.9708581439714538
211503.78512652183,1.4623760396906573,994.5775869812816,417.42612621784093,34.79311902726999,0.6528241152413304,6.283352565928887,261.817903266272,209.0779857565198,300.90090090090087,308.7930031331669,0.9744420950209725,0.3974021767469329,0.9708581439714538
211503.78512652183,1.4623760396906573,994.5775869812816,417.42612621784093,34.79311902726999,0.6528241152413304,6.283352565928887,261.817903266272,209.0779857565198,300.90090090090087,308.7930031331669,0.9744420950209725,0.3974021767469329,0.9708581439714538
211503.78512652183,1.4623760396906573,994.5775869812816,417.42612621784093,34.79311902726999,0.6325701812848257,6.338468851240428,257.03339006918605,209.0779857565198,300.90090090090087,308.7930031331669,0.9744420950209725,0.3880960500722224,0.9708581439714538
211503.78512652183,1.4623760396906573,994.5775869812816,417.42612621784093,34.79311902726999,0.6325701812848257,6.338468851240428,257.03339006918605,209.0779857565198,300.90090090090087,308.7930031331669,0.9744420950209725,0.3880960500722224,0.9708581439714538
211503.78512652183,1.4623760396906573,994.5775869812816,417.42612621784093,34.79311902726999,0.6325701812848257,6.338468851240428,257.03339006918605,209.0779857565198,300.90090090090087,308.7930031331669,0.9744420950209725,0.3880960500722224,0.9708581439714538
211503.78512652183,1.4623760396906573,994.5775869812816,417.42612621784093,34.79311902726999,0.6325701812848257,6.338468851240428,257.03339006918605,209.0779857565198,300.90090090090087,308.7930031331669,0.9744420950209725,0.3880960500722224,0.9708581439714538
211503.78512652183,1.4623760396906573,994.5775869812816,417.42612621784093,34.79311902726999,0.6325701812848257,6.338468851240428,257.03339006918605,209.0779857565198,300.90090090090087,308.7930031331669,0.9744420950209725,0.3880960500722224,0.9708581439714538
212003.5585976346,1.4581190367730497,993.6115809266148,415.8067368951843,37.497298882542246,0.6145218864383465,6.857618166842904,243.68647158416755,224.87628815332124,293.0930930930931,308.7930031331669,0.9491571703996698,0.36794346856023546,0.9874087898028857
212003.5585976346,1.4581190367730497,993.6115809266148,415.8067368951843,37.497298882542246,0.6145218864383465,6.857618166842904,243.68647158416755,224.87628815332124,293.0930930930931,308.7930031331669,0.9491571703996698,0.36794346856023546,0.9874087898028857
212003.5585976346,1.4581190367730497,993.6115809266148,415.8067368951843,37.497298882542246,0.6145218864383465,6.857618166842904,243.68647158416755,224.87628815332124,293.0930930930931,308.7930031331669,0.9491571703996698,0.36794346856023546,0.9874087898028857
209157.13017441714,1.467638124166076,995.7690803767036,419.4300269200468,34.26906544427088,0.7279513859794162,4.0241123605070115,318.8119464669476,204.20425425293706,299.6996996996997,285.88676896981434,1.0483160895471304,0.4864866538420999,0.9306232093739073
209157.13017441714,1.467638124166076,995.7690803767036,419.4300269200468,34.26906544427088,0.7051306354244323,4.0121217285100315,314.5919865234467,204.20425425293706,299.6996996996997,285.88676896981434,1.0483160895471304,0.47750569640920654,0.9306232093739073
209157.13017441714,1.467638124166076,995.7690803767036,419.4300269200468,34.26906544427088,0.6832538864086347,3.9963608414673075,310.6214209040964,204.20425425293706,299.6996996996997,285.88676896981434,1.0483160895471304,0.46900889603585044,0.9306232093739073
209715.5517994795,1.4630103572743391,994.7213668144923,417.6675590662348,37.019351976663884,0.7071817043902932,4.303811818269864,304.2311518279074,220.33737907092996,292.1921921921922,285.88676896981434,1.0220556664622824,0.46423729313616136,0.947378073081764
209715.5517994795,1.4630103572743391,994.7213668144923,417.6675590662348,37.019351976663884,0.6850120683627087,4.29591042474317,300.0566705243301,220.33737907092996,292.1921921921922,285.88676896981434,1.0220556664622824,0.4554431630771036,0.947378073081764
209715.5517994795,1.4630103572743391,994.7213668144923,417.6675590662348,37.019351976663884,0.6637594999172276,4.283866147274345,296.1269843058848,220.33737907092996,292.1921921921922,285.88676896981434,1.0220556664622824,0.4471236709673329,0.947378073081764
210064.2381787071,1.4595369205873157,993.9335380172352,416.3459335643396,39.6949148272765,0.6847501580243689,4.607784761786085,289.7252052611264,235.3100238079491,283.4834834834835,285.88676896981434,0.991593575683859,0.4421021458046695,0.962029581503247
210064.2381787071,1.4595369205873157,993.9335380172352,416.3459335643396,39.6949148272765,0.6632837347854936,4.604490954333215,285.61442443082484,235.3100238079491,283.4834834834835,285.88676896981434,0.991593575683859,0.4335218965667807,0.962029581503247
210064.2381787071,1.4595369205873157,993.9335380172352,416.3459335643396,39.6949148272765,0.6632837347854936,4.604490954333215,285.61442443082484,235.3100238079491,283.4834834834835,285.88676896981434,0.991593575683859,0.4335218965667807,0.962029581503247
210064.2381787071,1.4595369205873157,993.9335380172352,416.3459335643396,39.6949148272765,0.6427052900786785,4.596668870697727,281.74288637260184,235.3100238079491,283.4834834834835,285.88676896981434,0.991593575683859,0.4254050468218221,0.962029581503247
210064.2381787071,1.4595369205873157,993.9335380172352,416.3459335643396,39.6949148272765,0.6427052900786785,4.596668870697727,281.74288637260184,235.3100238079491,283.4834834834835,285.88676896981434,0.991593575683859,0.4254050468218221,0.962029581503247
